id,name,route,scope,feature,actionKeys,definitionResult,routeProbe,functionalStates,fullScopePassed
FX01-S01,Register,/register,Current / per-action gate,FX-01,"[""identity.account.register""]",Reconcile state/actions with executable cases,Observed on 5 viewports; no functional credit,Not run,False
FX01-S02,Verify email,/verify-email,Current / per-action gate,FX-01,"[""identity.account.verify"",""identity.account.resend""]",Reconcile state/actions with executable cases,Observed on 5 viewports; no functional credit,Not run,False
FX01-S03,Login,/login,Current / per-action gate,FX-01,"[""identity.account.login""]",Reconcile state/actions with executable cases,Observed on 5 viewports; no functional credit,Not run,False
FX01-S04,Forgot / Reset password,/password/forgot; /password/reset,Current / per-action gate,FX-01,"[""identity.account.reset_request"",""identity.account.reset_confirm""]",Reconcile state/actions with executable cases,Observed on 5 viewports; no functional credit,Not run,False
FX01-S05,Profile,/settings/profile,Current / per-action gate,FX-01,"[""identity.profile.read"",""identity.profile.update"",""identity.profile.change_email"",""identity.profile.change_password""]",Reconcile state/actions with executable cases,Observed on 5 viewports; no functional credit,Not run,False
FX01-S06,Security and sessions,/settings/security,Current / per-action gate,FX-01,"[""identity.session.logout"",""identity.session.revoke_session"",""identity.session.revoke_all"",""identity.session.read"",""identity.profile.change_email"",""identity.profile.change_password"",""identity.mfa.enroll"",""identity.mfa.remove"",""identity.mfa.recover"",""identity.account.delete_request"",""identity.account.soft_delete""]",Reconcile state/actions with executable cases,Observed on 5 viewports; no functional credit,Not run,False
FX02-S01,Users,/admin/users,Current / per-action gate,FX-02,"[""access.user.read""]",Proposed route not mapped; alternate layout/state reconciliation required,Observed on 5 viewports; no functional credit,Not run,False
FX02-S02,User detail,/admin/users/:userId,Current / per-action gate,FX-02,"[""access.user.read"",""access.user.disable"",""access.user.enable"",""access.user.revoke_sessions""]",Proposed route not mapped; alternate layout/state reconciliation required,Observed on 5 viewports; no functional credit,Not run,False
FX02-S03,Role assignment,/admin/users/:userId/roles,Current / per-action gate,FX-02,"[""access.role.set"",""access.change.read""]",Proposed route not mapped; alternate layout/state reconciliation required,Observed on 5 viewports; no functional credit,Not run,False
FX02-S04,Permission matrix,/admin/users/:userId/permissions,Current / per-action gate,FX-02,"[""access.permission.read"",""access.permission.set"",""access.change.read""]",Proposed route not mapped; alternate layout/state reconciliation required,Observed on 5 viewports; no functional credit,Not run,False
FX02-S05,Module grants,/admin/users/:userId/modules,Current / per-action gate,FX-02,"[""access.entitlement.set"",""access.change.read""]",Proposed route not mapped; alternate layout/state reconciliation required,Observed on 5 viewports; no functional credit,Not run,False
FX03-S01,Module catalog,/admin/modules,Current / per-action gate,FX-03,"[""modules.catalog.read""]",Reconcile state/actions with executable cases,Observed on 5 viewports; no functional credit,Not run,False
FX03-S02,Module detail,/admin/modules/:moduleCode,Current / per-action gate,FX-03,"[""modules.catalog.read"",""modules.policy.enable"",""modules.policy.disable"",""modules.upgrade.read""]",Proposed route not mapped; alternate layout/state reconciliation required,Observed on 5 viewports; no functional credit,Not run,False
FX03-S03,Enablement impact,/admin/modules/:moduleCode/enablement,Current / per-action gate,FX-03,"[""modules.policy.enable"",""modules.policy.disable""]",Proposed route not mapped; alternate layout/state reconciliation required,Observed on 5 viewports; no functional credit,Not run,False
FX03-S04,Registration defaults,/admin/modules/registration-defaults,Current / per-action gate,FX-03,"[""modules.policy.defaults""]",Proposed route not mapped; alternate layout/state reconciliation required,Observed on 5 viewports; no functional credit,Not run,False
FX03-S05,Module settings,/admin/modules/:moduleCode/settings,Current / per-action gate,FX-03,"[""modules.policy.sharing"",""modules.policy.settings""]",Proposed route not mapped; alternate layout/state reconciliation required,Observed on 5 viewports; no functional credit,Not run,False
FX04-S01,Share dialog,/sharing/new?resource=:opaqueId,Current / per-action gate,FX-04,"[""sharing.link.read"",""sharing.link.create"",""sharing.link.update"",""sharing.link.copy_created""]",Proposed route not mapped; alternate layout/state reconciliation required,Observed on 5 viewports; no functional credit,Not run,False
FX04-S02,Manage shares,/settings/sharing,Current / per-action gate,FX-04,"[""sharing.link.read"",""sharing.link.revoke""]",Proposed route not mapped; alternate layout/state reconciliation required,Observed on 5 viewports; no functional credit,Not run,False
FX04-S03,Shared resource,/s/:token,Current / per-action gate,FX-04,"[""sharing.link.resolve""]",Proposed route not mapped; alternate layout/state reconciliation required,Observed on 5 viewports; no functional credit,Not run,False
FX04-S04,Unavailable share,/s/:token/unavailable,Current / per-action gate,FX-04,"[""sharing.link.resolve""]",Proposed route not mapped; alternate layout/state reconciliation required,Observed on 5 viewports; no functional credit,Not run,False
FX05-S01,Grant support,/settings/security/support/new,Current / per-action gate,FX-05,"[""support.consent.read"",""support.consent.grant""]",Proposed route not mapped; alternate layout/state reconciliation required,Observed on 5 viewports; no functional credit,Not run,False
FX05-S02,Security Center,/settings/security/access,Current / per-action gate,FX-05,"[""support.consent.read"",""support.consent.revoke""]",Proposed route not mapped; alternate layout/state reconciliation required,Observed on 5 viewports; no functional credit,Not run,False
FX05-S03,Support session,/support/:accessSessionId/:moduleCode,Current / per-action gate,FX-05,"[""support.session.open"",""support.session.end"",""files.support.read"",""projects.support.read"",""tasks.support.read"",""calendar.support.read"",""planner.support.read"",""goals.support.read"",""habits.support.read"",""time.support.read"",""focus.support.read"",""documents.support.read"",""bookmarks.support.read"",""snippets.support.read"",""reading.support.read"",""organization.support.read"",""finance.support.read"",""vault.support.read"",""news.support.read"",""prices.support.read"",""shopping.support.read"",""toolbox.support.read"",""github.support.read"",""automation.support.read"",""integrations.support.read"",""monitoring.support.read"",""assets.support.read"",""digital.support.read"",""career.support.read"",""learning.support.read""]",Proposed route not mapped; alternate layout/state reconciliation required,Observed on 5 viewports; no functional credit,Not run,False
FX05-S04,Emergency entry,/admin/emergency/new,Current / per-action gate,FX-05,"[""support.emergency.open""]",Proposed route not mapped; alternate layout/state reconciliation required,Observed on 5 viewports; no functional credit,Not run,False
FX05-S05,Emergency session,/emergency/:accessSessionId/:moduleCode,Current / per-action gate,FX-05,"[""support.emergency.end"",""files.support.read"",""projects.support.read"",""tasks.support.read"",""calendar.support.read"",""planner.support.read"",""goals.support.read"",""habits.support.read"",""time.support.read"",""focus.support.read"",""documents.support.read"",""bookmarks.support.read"",""snippets.support.read"",""reading.support.read"",""organization.support.read"",""finance.support.read"",""vault.support.read"",""news.support.read"",""prices.support.read"",""shopping.support.read"",""toolbox.support.read"",""github.support.read"",""automation.support.read"",""integrations.support.read"",""monitoring.support.read"",""assets.support.read"",""digital.support.read"",""career.support.read"",""learning.support.read""]",Proposed route not mapped; alternate layout/state reconciliation required,Observed on 5 viewports; no functional credit,Not run,False
FX06-S01,Notification inbox,/notifications,Current / per-action gate,FX-06,"[""notifications.inbox.read"",""notifications.inbox.mark_read"",""notifications.inbox.mark_unread"",""notifications.inbox.mark_all_read"",""notifications.inbox.delete""]",Reconcile state/actions with executable cases,Observed on 5 viewports; no functional credit,Not run,False
FX06-S02,Notification detail,/notifications/:notificationId,Current / per-action gate,FX-06,"[""notifications.inbox.read"",""notifications.source.open""]",Proposed route not mapped; alternate layout/state reconciliation required,Observed on 5 viewports; no functional credit,Not run,False
FX06-S03,Browser push permission,/settings/notifications/push,Current / per-action gate,FX-06,"[""notifications.push.subscribe"",""notifications.push.remove""]",Proposed route not mapped; alternate layout/state reconciliation required,Observed on 5 viewports; no functional credit,Not run,False
FX07-S01,Files library,/files,Current / per-action gate,FX-07,"[""files.file.read"",""files.file.rename"",""files.file.trash"",""files.file.restore"",""files.file.purge""]",Reconcile state/actions with executable cases,Observed on 5 viewports; no functional credit,Not run,False
FX07-S02,Upload queue,/files/uploads/:uploadId,Current / per-action gate,FX-07,"[""files.file.upload"",""files.file.cancel_upload""]",Proposed route not mapped; alternate layout/state reconciliation required,Observed on 5 viewports; no functional credit,Not run,False
FX07-S03,Preview,/files/:fileId,Current / per-action gate,FX-07,"[""files.file.preview"",""files.file.download""]",Proposed route not mapped; alternate layout/state reconciliation required,Observed on 5 viewports; no functional credit,Not run,False
FX07-S04,Attach file picker,/files/picker?resource=:opaqueId,Current / per-action gate,FX-07,"[""files.reference.attach""]",Proposed route not mapped; alternate layout/state reconciliation required,Observed on 5 viewports; no functional credit,Not run,False
FX07-S05,Replace / remove reference,/files/:fileId/references,Current / per-action gate,FX-07,"[""files.file.replace"",""files.reference.detach""]",Proposed route not mapped; alternate layout/state reconciliation required,Observed on 5 viewports; no functional credit,Not run,False
FX08-S01,Trash,/trash,Current / per-action gate,FX-08,"[""lifecycle.trash.read"",""lifecycle.resource.preview"",""lifecycle.resource.trash"",""lifecycle.resource.restore"",""lifecycle.resource.purge""]",Reconcile state/actions with executable cases,Observed on 5 viewports; no functional credit,Not run,False
FX08-S02,Restore / purge preview,/trash/operations/new,Current / per-action gate,FX-08,"[""lifecycle.resource.preview"",""lifecycle.resource.restore"",""lifecycle.resource.purge""]",Proposed route not mapped; alternate layout/state reconciliation required,Observed on 5 viewports; no functional credit,Not run,False
FX08-S03,Resource activity,/activity?resource=:opaqueId,Current / per-action gate,FX-08,"[""lifecycle.activity.read""]",Proposed route not mapped; alternate layout/state reconciliation required,Observed on 5 viewports; no functional credit,Not run,False
FX08-S04,Audit log,/admin/audit,Current / per-action gate,FX-08,"[""lifecycle.audit.read""]",Proposed route not mapped; alternate layout/state reconciliation required,Observed on 5 viewports; no functional credit,Not run,False
FX09-S01,Settings home,/settings,Current / per-action gate,FX-09,"[""settings.preference.read""]",Proposed route not mapped; alternate layout/state reconciliation required,Observed on 5 viewports; no functional credit,Not run,False
FX09-S02,Preferences,/settings/preferences,Current / per-action gate,FX-09,"[""settings.preference.update""]",Proposed route not mapped; alternate layout/state reconciliation required,Observed on 5 viewports; no functional credit,Not run,False
FX09-S03,My modules,/settings/modules,Current / per-action gate,FX-09,"[""settings.module.read"",""settings.module.update""]",Proposed route not mapped; alternate layout/state reconciliation required,Observed on 5 viewports; no functional credit,Not run,False
FX09-S04,Unavailable module route,/modules/:moduleCode/unavailable,Current / per-action gate,FX-09,"[""settings.preference.read""]",Proposed route not mapped; alternate layout/state reconciliation required,Observed on 5 viewports; no functional credit,Not run,False
FX10-S01,Import,/data/import?module=:moduleCode,Current / per-action gate,FX-10,"[""transfer.import.preview""]",Proposed route not mapped; alternate layout/state reconciliation required,Observed on 5 viewports; no functional credit,Not run,False
FX10-S02,Import preview,/data/import/:operationId/preview,Current / per-action gate,FX-10,"[""transfer.import.commit"",""transfer.import.cancel""]",Proposed route not mapped; alternate layout/state reconciliation required,Observed on 5 viewports; no functional credit,Not run,False
FX10-S03,Export,/data/export?module=:moduleCode,Current / per-action gate,FX-10,"[""transfer.export.request""]",Proposed route not mapped; alternate layout/state reconciliation required,Observed on 5 viewports; no functional credit,Not run,False
FX10-S04,Operation status,/data/operations/:operationId,Current / per-action gate,FX-10,"[""transfer.import.read"",""transfer.export.read"",""transfer.export.download""]",Proposed route not mapped; alternate layout/state reconciliation required,Observed on 5 viewports; no functional credit,Not run,False
FX10-S05,System backup / restore,/admin/recovery,Current / per-action gate,FX-10,"[""transfer.backup.read"",""transfer.backup.request"",""transfer.restore.preview"",""transfer.restore.request""]",Proposed route not mapped; alternate layout/state reconciliation required,Observed on 5 viewports; no functional credit,Not run,False
FX11-S01,Projects Grid / Table,/projects,Current / per-action gate,FX-11,"[""projects.project.read"",""projects.project.create"",""projects.project.trash"",""projects.project.restore"",""projects.project.purge""]",Proposed route not mapped; alternate layout/state reconciliation required,Observed on 5 viewports; no functional credit,Not run,False
FX11-S02,Project Create / Edit,/projects/new; /projects/:projectId/edit,Current / per-action gate,FX-11,"[""projects.project.create"",""projects.project.update""]",Proposed route not mapped; alternate layout/state reconciliation required,Observed on 5 viewports; no functional credit,Not run,False
FX11-S03,Project detail,/projects/:projectId,Current / per-action gate,FX-11,"[""projects.project.read"",""projects.project.start"",""projects.project.revert"",""projects.project.share""]",Proposed route not mapped; alternate layout/state reconciliation required,Observed on 5 viewports; no functional credit,Not run,False
FX11-S04,Complete / Skip Project,/projects/:projectId/close,Current / per-action gate,FX-11,"[""projects.project.complete"",""projects.project.skip""]",Proposed route not mapped; alternate layout/state reconciliation required,Observed on 5 viewports; no functional credit,Not run,False
FX11-S05,Project history,/projects/:projectId/history,Current / per-action gate,FX-11,"[""projects.project.history""]",Proposed route not mapped; alternate layout/state reconciliation required,Observed on 5 viewports; no functional credit,Not run,False
FX12-S01,Task Kanban,/projects/:projectId/tasks?view=kanban,Current / per-action gate,FX-12,"[""tasks.task.read"",""tasks.task.create"",""tasks.task.start"",""tasks.task.complete"",""tasks.task.skip"",""tasks.task.revert"",""tasks.task.reorder""]",Proposed route not mapped; alternate layout/state reconciliation required,Observed on 5 viewports; no functional credit,Not run,False
FX12-S02,Task Table,/projects/:projectId/tasks?view=table,Current / per-action gate,FX-12,"[""tasks.task.read"",""tasks.task.update"",""tasks.task.trash""]",Proposed route not mapped; alternate layout/state reconciliation required,Observed on 5 viewports; no functional credit,Not run,False
FX12-S03,Task Create / Edit,/projects/:projectId/tasks/new; /tasks/:taskId/edit,Current / per-action gate,FX-12,"[""tasks.task.create"",""tasks.task.update"",""tasks.task.criteria"",""tasks.task.set_reminder"",""tasks.task.remove_reminder""]",Proposed route not mapped; alternate layout/state reconciliation required,Observed on 5 viewports; no functional credit,Not run,False
FX12-S04,Task detail,/tasks/:taskId,Current / per-action gate,FX-12,"[""tasks.task.read"",""tasks.task.trash"",""tasks.task.restore"",""tasks.task.purge"",""tasks.task.share""]",Proposed route not mapped; alternate layout/state reconciliation required,Observed on 5 viewports; no functional credit,Not run,False
FX12-S05,Backward status reason,/tasks/:taskId/transition,Current / per-action gate,FX-12,"[""tasks.task.revert""]",Proposed route not mapped; alternate layout/state reconciliation required,Observed on 5 viewports; no functional credit,Not run,False
FX12-S06,Task history / restore,/tasks/:taskId/history,Current / per-action gate,FX-12,"[""tasks.task.history"",""tasks.task.restore_version""]",Proposed route not mapped; alternate layout/state reconciliation required,Observed on 5 viewports; no functional credit,Not run,False
FX13-S01,Day,/calendar?view=day,Current / per-action gate,FX-13,"[""calendar.calendar.read""]",Proposed route not mapped; alternate layout/state reconciliation required,Observed on 5 viewports; no functional credit,Not run,False
FX13-S02,Week,/calendar?view=week,Current / per-action gate,FX-13,"[""calendar.calendar.read""]",Proposed route not mapped; alternate layout/state reconciliation required,Observed on 5 viewports; no functional credit,Not run,False
FX13-S03,Month,/calendar?view=month,Current / per-action gate,FX-13,"[""calendar.calendar.read""]",Proposed route not mapped; alternate layout/state reconciliation required,Observed on 5 viewports; no functional credit,Not run,False
FX13-S04,Agenda,/calendar?view=agenda,Current / per-action gate,FX-13,"[""calendar.calendar.read""]",Proposed route not mapped; alternate layout/state reconciliation required,Observed on 5 viewports; no functional credit,Not run,False
FX13-S05,Manual Event form / detail,/calendar/events/new; /calendar/events/:eventId,Current / per-action gate,FX-13,"[""calendar.event.read"",""calendar.event.create"",""calendar.event.update"",""calendar.event.complete"",""calendar.event.cancel"",""calendar.event.set_reminder"",""calendar.event.remove_reminder""]",Proposed route not mapped; alternate layout/state reconciliation required,Observed on 5 viewports; no functional credit,Not run,False
FX13-S06,Task projection detail,/calendar/tasks/:taskId,Current / per-action gate,FX-13,"[""calendar.projection.open""]",Proposed route not mapped; alternate layout/state reconciliation required,Observed on 5 viewports; no functional credit,Not run,False
FX13-S07,ICS Import / Export,/calendar/data,Current / per-action gate,FX-13,"[""calendar.ics.preview"",""calendar.ics.import"",""calendar.ics.export""]",Proposed route not mapped; alternate layout/state reconciliation required,Observed on 5 viewports; no functional credit,Not run,False
FX14-S01,Embedded reminder field,/tasks/:taskId/edit#reminder; /calendar/events/:eventId#reminder,Current / per-action gate,FX-14,"[""reminders.configuration.read"",""reminders.configuration.set"",""reminders.configuration.remove""]",Proposed route not mapped; alternate layout/state reconciliation required,Observed on 5 viewports; no functional credit,Not run,False
FX14-S02,Exact reminder picker,/reminders/picker?source=:opaqueId,Current / per-action gate,FX-14,"[""reminders.configuration.set""]",Proposed route not mapped; alternate layout/state reconciliation required,Observed on 5 viewports; no functional credit,Not run,False
FX14-S03,Reminder delivery state,/reminders/:reminderId,Current / per-action gate,FX-14,"[""reminders.configuration.read""]",Proposed route not mapped; alternate layout/state reconciliation required,Observed on 5 viewports; no functional credit,Not run,False
FX15-S01,Daily planner,/planner?view=day,Current / per-action gate,FX-15,"[""planner.plan.read"",""planner.plan.pin"",""planner.plan.unpin"",""planner.plan.reorder"",""planner.plan.notes""]",Reconcile state/actions with executable cases,Observed on 5 viewports; no functional credit,Not run,False
FX15-S02,Weekly planner,/planner?view=week,Current / per-action gate,FX-15,"[""planner.plan.read"",""planner.plan.reschedule""]",Reconcile state/actions with executable cases,Observed on 5 viewports; no functional credit,Not run,False
FX15-S03,Plan Task picker,/planner/add,Current / per-action gate,FX-15,"[""planner.plan.pin""]",Proposed route not mapped; alternate layout/state reconciliation required,Observed on 5 viewports; no functional credit,Not run,False
FX16-S01,Goal list,/goals,Local numeric slice / per-action gate,FX-16,"[""goals.goal.read"",""goals.goal.create"",""goals.goal.archive"",""goals.goal.unarchive"",""goals.goal.trash"",""goals.goal.restore"",""goals.goal.purge""]",Reconcile state/actions with executable cases,Observed on 5 viewports; no functional credit,Not run,False
FX16-S02,Goal create / edit,/goals/new; /goals/:goalId/edit,Local numeric slice / per-action gate,FX-16,"[""goals.goal.create"",""goals.goal.update""]",Proposed route not mapped; alternate layout/state reconciliation required,Observed on 5 viewports; no functional credit,Not run,False
FX16-S03,Goal detail,/goals/:goalId,Local numeric slice / per-action gate,FX-16,"[""goals.goal.start"",""goals.goal.complete"",""goals.goal.abandon"",""goals.goal.reopen"",""goals.target.read"",""goals.target.create"",""goals.target.update"",""goals.target.remove"",""goals.target.link_task"",""goals.target.unlink_task"",""goals.progress.read"",""goals.goal.history"",""goals.target.record_progress""]",Proposed route not mapped; alternate layout/state reconciliation required,Observed on 5 viewports; no functional credit,Not run,False
FX16-S04,Progress update,/goals/:goalId/progress,Local numeric slice / per-action gate,FX-16,"[""goals.target.record_progress""]",Proposed route not mapped; alternate layout/state reconciliation required,Observed on 5 viewports; no functional credit,Not run,False
FX17-S01,Today habits,/habits/today,Current / per-action gate,FX-17,"[""habits.habit.read"",""habits.checkin.record"",""habits.checkin.correct""]",Proposed route not mapped; alternate layout/state reconciliation required,Observed on 5 viewports; no functional credit,Not run,False
FX17-S02,Habit library,/habits,Current / per-action gate,FX-17,"[""habits.habit.read"",""habits.habit.pause"",""habits.habit.resume"",""habits.habit.archive"",""habits.habit.unarchive"",""habits.habit.trash"",""habits.habit.restore"",""habits.habit.purge""]",Reconcile state/actions with executable cases,Observed on 5 viewports; no functional credit,Not run,False
FX17-S03,Habit form,/habits/new; /habits/:habitId/edit,Current / per-action gate,FX-17,"[""habits.habit.create"",""habits.habit.update"",""habits.habit.schedule"",""habits.habit.set_reminder""]",Proposed route not mapped; alternate layout/state reconciliation required,Observed on 5 viewports; no functional credit,Not run,False
FX17-S04,Habit detail / history,/habits/:habitId,Current / per-action gate,FX-17,"[""habits.checkin.correct"",""habits.streak.read""]",Proposed route not mapped; alternate layout/state reconciliation required,Observed on 5 viewports; no functional credit,Not run,False
FX18-S01,Timer,/time,Current / per-action gate,FX-18,"[""time.timer.read"",""time.timer.start"",""time.timer.stop"",""time.timer.resume""]",Proposed route not mapped; alternate layout/state reconciliation required,Observed on 5 viewports; no functional credit,Not run,False
FX18-S02,Time entries,/time/entries,Current / per-action gate,FX-18,"[""time.entry.read"",""time.entry.trash"",""time.entry.restore"",""time.entry.purge""]",Proposed route not mapped; alternate layout/state reconciliation required,Observed on 5 viewports; no functional credit,Not run,False
FX18-S03,Entry form,/time/entries/new; /time/entries/:entryId/edit,Current / per-action gate,FX-18,"[""time.entry.create"",""time.entry.update""]",Proposed route not mapped; alternate layout/state reconciliation required,Observed on 5 viewports; no functional credit,Not run,False
FX18-S04,Time reports / history,/time/reports; /time/entries/:entryId/history,Current / per-action gate,FX-18,"[""time.entry.history"",""time.report.read""]",Proposed route not mapped; alternate layout/state reconciliation required,Observed on 5 viewports; no functional credit,Not run,False
FX19-S01,Focus setup,/focus,Current / per-action gate,FX-19,"[""focus.session.start"",""focus.preference.update""]",Proposed route not mapped; alternate layout/state reconciliation required,Observed on 5 viewports; no functional credit,Not run,False
FX19-S02,Running phase,/focus/sessions/:sessionId,Current / per-action gate,FX-19,"[""focus.session.read"",""focus.session.pause"",""focus.session.resume"",""focus.session.cancel""]",Proposed route not mapped; alternate layout/state reconciliation required,Observed on 5 viewports; no functional credit,Not run,False
FX19-S03,Completion / conversion,/focus/sessions/:sessionId/complete,Current / per-action gate,FX-19,"[""focus.session.start"",""focus.session.record_time""]",Proposed route not mapped; alternate layout/state reconciliation required,Observed on 5 viewports; no functional credit,Not run,False
FX19-S04,Focus history,/focus/history,Current / per-action gate,FX-19,"[""focus.session.read""]",Proposed route not mapped; alternate layout/state reconciliation required,Observed on 5 viewports; no functional credit,Not run,False
FX20-S01,Documents library,/documents,Current / per-action gate,FX-20,"[""documents.library.read"",""documents.page.read"",""documents.folder.create"",""documents.folder.rename"",""documents.page.share""]",Proposed route not mapped; alternate layout/state reconciliation required,Observed on 5 viewports; no functional credit,Not run,False
FX20-S02,Folder view,/documents/folders/:folderId,Current / per-action gate,FX-20,"[""documents.folder.read"",""documents.folder.create"",""documents.folder.rename"",""documents.folder.trash"",""documents.folder.restore"",""documents.folder.purge""]",Proposed route not mapped; alternate layout/state reconciliation required,Observed on 5 viewports; no functional credit,Not run,False
FX20-S03,Create Page,/documents/new,Current / per-action gate,FX-20,"[""documents.page.create""]",Proposed route not mapped; alternate layout/state reconciliation required,Observed on 5 viewports; no functional credit,Not run,False
FX20-S04,Block editor,/documents/pages/:pageId,Current / per-action gate,FX-20,"[""documents.page.read"",""documents.page.save"",""documents.page.publish"",""documents.page.unpublish"",""documents.format.import"",""documents.format.export""]",Proposed route not mapped; alternate layout/state reconciliation required,Observed on 5 viewports; no functional credit,Not run,False
FX20-S05,Markdown editor,/documents/pages/:pageId?editor=markdown,Current / per-action gate,FX-20,"[""documents.page.read"",""documents.page.save"",""documents.page.publish"",""documents.page.unpublish"",""documents.format.import"",""documents.format.export""]",Proposed route not mapped; alternate layout/state reconciliation required,Observed on 5 viewports; no functional credit,Not run,False
FX20-S06,Page metadata / cover,/documents/pages/:pageId/metadata,Current / per-action gate,FX-20,"[""documents.page.save"",""documents.tag.read"",""documents.tag.create"",""documents.tag.rename"",""documents.tag.remove""]",Proposed route not mapped; alternate layout/state reconciliation required,Observed on 5 viewports; no functional credit,Not run,False
FX20-S07,Page versions,/documents/pages/:pageId/history,Current / per-action gate,FX-20,"[""documents.page.history"",""documents.page.restore_version""]",Proposed route not mapped; alternate layout/state reconciliation required,Observed on 5 viewports; no functional credit,Not run,False
FX20-S08,Archived pages,/documents/archived,Current / per-action gate,FX-20,"[""documents.page.read"",""documents.page.unarchive"",""documents.page.trash""]",Proposed route not mapped; alternate layout/state reconciliation required,Observed on 5 viewports; no functional credit,Not run,False
FX20-S09,Archive / Unarchive tree preview,/documents/pages/:pageId/archive,Current / per-action gate,FX-20,"[""documents.page.archive"",""documents.page.unarchive""]",Proposed route not mapped; alternate layout/state reconciliation required,Observed on 5 viewports; no functional credit,Not run,False
FX20-S10,Document Trash and restore,/trash?module=documents,Current / per-action gate,FX-20,"[""documents.page.trash"",""documents.page.restore"",""documents.page.purge""]",Reconcile state/actions with executable cases,Observed on 5 viewports; no functional credit,Not run,False
FX21-S01,Bookmark library / collection,/bookmarks; /bookmarks/collections/:collectionId,Current / per-action gate,FX-21,"[""bookmarks.bookmark.read"",""bookmarks.bookmark.archive"",""bookmarks.bookmark.unarchive"",""bookmarks.bookmark.trash"",""bookmarks.bookmark.restore"",""bookmarks.bookmark.purge""]",Reconcile state/actions with executable cases,Observed on 5 viewports; no functional credit,Not run,False
FX21-S02,Add / edit Bookmark,/bookmarks/new; /bookmarks/:bookmarkId/edit,Current / per-action gate,FX-21,"[""bookmarks.bookmark.create"",""bookmarks.bookmark.update""]",Proposed route not mapped; alternate layout/state reconciliation required,Observed on 5 viewports; no functional credit,Not run,False
FX21-S03,Bookmark detail,/bookmarks/:bookmarkId,Current / per-action gate,FX-21,"[""bookmarks.bookmark.read"",""bookmarks.bookmark.refresh"",""bookmarks.bookmark.share"",""bookmarks.bookmark.open_external""]",Proposed route not mapped; alternate layout/state reconciliation required,Observed on 5 viewports; no functional credit,Not run,False
FX22-S01,Snippet list,/snippets,Current / per-action gate,FX-22,"[""snippets.snippet.read"",""snippets.snippet.create"",""snippets.snippet.archive"",""snippets.snippet.unarchive"",""snippets.snippet.trash"",""snippets.snippet.restore"",""snippets.snippet.purge""]",Reconcile state/actions with executable cases,Observed on 5 viewports; no functional credit,Not run,False
FX22-S02,Snippet editor,/snippets/new; /snippets/:snippetId/edit,Current / per-action gate,FX-22,"[""snippets.snippet.create"",""snippets.snippet.save""]",Proposed route not mapped; alternate layout/state reconciliation required,Observed on 5 viewports; no functional credit,Not run,False
FX22-S03,Snippet detail / history,/snippets/:snippetId; /snippets/:snippetId/history,Current / per-action gate,FX-22,"[""snippets.snippet.read"",""snippets.snippet.history"",""snippets.snippet.restore_version"",""snippets.snippet.share"",""snippets.snippet.copy"",""snippets.snippet.export""]",Proposed route not mapped; alternate layout/state reconciliation required,Observed on 5 viewports; no functional credit,Not run,False
FX23-S01,Reading queue,/read-later,Local Bookmark-reference slice / per-action gate,FX-23,"[""reading.queue.read"",""reading.item.save"",""reading.item.remove"",""reading.item.read"",""reading.item.unread"",""reading.item.position""]",Reconcile state/actions with executable cases,Observed on 5 viewports; no functional credit,Not run,False
FX23-S02,Reader,/read-later/:itemId,Contract-gated; body reader not implemented,FX-23,[],Proposed route not mapped; alternate layout/state reconciliation required,Observed on 5 viewports; no functional credit,Not run,False
FX23-S03,Unavailable reading sources,/read-later?availability=unavailable,Local safe snapshot projection / per-action gate,FX-23,"[""reading.queue.read"",""reading.item.remove""]",Reconcile state/actions with executable cases,Observed on 5 viewports; no functional credit,Not run,False
FX24-S01,Tag management,/organize/tags?namespace=:namespace,Local Tag catalog slice / per-action gate,FX-24,"[""organization.tag.read"",""organization.tag.create"",""organization.tag.rename"",""organization.tag.remove"",""organization.tag.assign""]",Reconcile state/actions with executable cases,Observed on 5 viewports; no functional credit,Not run,False
FX24-S02,Collections,/organize/collections,Current / per-action gate,FX-24,"[""organization.collection.read"",""organization.collection.create"",""organization.collection.update"",""organization.collection.delete""]",Proposed route not mapped; alternate layout/state reconciliation required,Observed on 5 viewports; no functional credit,Not run,False
FX24-S03,Collection detail,/organize/collections/:collectionId,Current / per-action gate,FX-24,"[""organization.collection.add"",""organization.collection.remove"",""organization.collection.reorder"",""organization.collection.share""]",Proposed route not mapped; alternate layout/state reconciliation required,Observed on 5 viewports; no functional credit,Not run,False
FX24-S04,Templates,/organize/templates,Current / per-action gate,FX-24,"[""organization.template.read"",""organization.template.create"",""organization.template.update"",""organization.template.archive"",""organization.template.unarchive"",""organization.template.trash"",""organization.template.restore"",""organization.template.purge""]",Proposed route not mapped; alternate layout/state reconciliation required,Observed on 5 viewports; no functional credit,Not run,False
FX24-S05,Template preview / apply,/organize/templates/:templateId,Current / per-action gate,FX-24,"[""organization.template.instantiate""]",Proposed route not mapped; alternate layout/state reconciliation required,Observed on 5 viewports; no functional credit,Not run,False
FX25-S01,Global Search,/search,Local source-query search / per-action gate,FX-25,"[""discovery.search.query""]",Reconcile state/actions with executable cases,Observed on 5 viewports; no functional credit,Not run,False
FX25-S02,Command palette,/command-palette,Current / per-action gate,FX-25,"[""discovery.command.read"",""discovery.command.execute""]",Proposed route not mapped; alternate layout/state reconciliation required,Observed on 5 viewports; no functional credit,Not run,False
FX25-S03,Favorites / recents,/favorites; /recent,Local Favorites typed-reference slice; Recents gated / per-action gate,FX-25,"[""discovery.favorite.read"",""discovery.favorite.add"",""discovery.favorite.remove"",""discovery.favorite.reorder"",""discovery.recent.read"",""discovery.recent.clear""]",Reconcile state/actions with executable cases,Observed on 5 viewports; no functional credit,Not run,False
FX25-S04,Saved searches,/search/saved,Current / per-action gate,FX-25,"[""discovery.saved_search.read"",""discovery.saved_search.create"",""discovery.saved_search.update"",""discovery.saved_search.delete"",""discovery.saved_search.run""]",Proposed route not mapped; alternate layout/state reconciliation required,Observed on 5 viewports; no functional credit,Not run,False
FX26-S01,Home dashboard,/,Local attention projection / per-action gate,FX-26,"[""dashboard.dashboard.read"",""dashboard.widget.refresh"",""dashboard.quick_create.open""]",Reconcile state/actions with executable cases,Observed on 5 viewports; no functional credit,Not run,False
FX26-S02,Dashboard configuration,/settings/dashboard,Current / per-action gate,FX-26,"[""dashboard.layout.update"",""dashboard.layout.add_widget"",""dashboard.layout.configure_widget"",""dashboard.layout.remove_widget"",""dashboard.layout.reorder_widget""]",Proposed route not mapped; alternate layout/state reconciliation required,Observed on 5 viewports; no functional credit,Not run,False
FX27-S01,Finance overview,/finance,Historical advanced scope / Blocked,FX-27,"[""finance.report.read""]",Reconcile state/actions with executable cases,Observed on 5 viewports; no functional credit,Not run,False
FX27-S02,Accounts,/finance/accounts,Historical advanced scope / Blocked,FX-27,"[""finance.account.read"",""finance.account.close""]",Proposed route not mapped; alternate layout/state reconciliation required,Observed on 5 viewports; no functional credit,Not run,False
FX27-S03,Account form,/finance/accounts/new; /finance/accounts/:accountId/edit,Historical advanced scope / Blocked,FX-27,"[""finance.account.create"",""finance.account.update""]",Proposed route not mapped; alternate layout/state reconciliation required,Observed on 5 viewports; no functional credit,Not run,False
FX27-S04,Transactions ledger,/finance/transactions,Historical advanced scope / Blocked,FX-27,"[""finance.transaction.read"",""finance.transaction.void""]",Proposed route not mapped; alternate layout/state reconciliation required,Observed on 5 viewports; no functional credit,Not run,False
FX27-S05,Transaction / split form,/finance/transactions/new; /finance/transactions/:transactionId,Historical advanced scope / Blocked,FX-27,"[""finance.transaction.post"",""finance.transaction.correct"",""finance.transaction.split"",""finance.category.read"",""finance.category.create"",""finance.category.update"",""finance.category.merge"",""finance.category.remove""]",Proposed route not mapped; alternate layout/state reconciliation required,Observed on 5 viewports; no functional credit,Not run,False
FX27-S06,Transfer form,/finance/transfers/new,Historical advanced scope / Blocked,FX-27,"[""finance.transfer.post""]",Proposed route not mapped; alternate layout/state reconciliation required,Observed on 5 viewports; no functional credit,Not run,False
FX27-S07,Bills and payment allocation,/finance/bills; /finance/bills/:billId,Historical advanced scope / Blocked,FX-27,"[""finance.bill.read"",""finance.bill.create"",""finance.bill.update"",""finance.bill.cancel"",""finance.bill.record_payment"",""finance.bill.void_payment""]",Proposed route not mapped; alternate layout/state reconciliation required,Observed on 5 viewports; no functional credit,Not run,False
FX27-S08,Subscriptions / price history,/finance/subscriptions; /finance/subscriptions/:subscriptionId,Historical advanced scope / Blocked,FX-27,"[""finance.subscription.read"",""finance.subscription.create"",""finance.subscription.update"",""finance.subscription.pause"",""finance.subscription.cancel"",""finance.subscription.record_price""]",Proposed route not mapped; alternate layout/state reconciliation required,Observed on 5 viewports; no functional credit,Not run,False
FX27-S09,Budgets,/finance/budgets,Historical advanced scope / Blocked,FX-27,"[""finance.budget.read"",""finance.budget.create"",""finance.budget.update""]",Proposed route not mapped; alternate layout/state reconciliation required,Observed on 5 viewports; no functional credit,Not run,False
FX27-S10,Savings and debts,/finance/savings; /finance/debts,Historical advanced scope / Blocked,FX-27,"[""finance.savings.read"",""finance.savings.create"",""finance.savings.update"",""finance.debt.read"",""finance.debt.create"",""finance.debt.update"",""finance.debt.record_payment"",""finance.debt.adjust_interest"",""finance.savings.record_progress""]",Proposed route not mapped; alternate layout/state reconciliation required,Observed on 5 viewports; no functional credit,Not run,False
FX27-S11,Reports,/finance/reports,Historical advanced scope / Blocked,FX-27,"[""finance.report.read"",""finance.report.share""]",Proposed route not mapped; alternate layout/state reconciliation required,Observed on 5 viewports; no functional credit,Not run,False
FX27-S12,Finance CSV import / corrections,/finance/data; /finance/transactions/:transactionId/correction,Historical advanced scope / Blocked,FX-27,"[""finance.csv.preview"",""finance.csv.import"",""finance.csv.export""]",Proposed route not mapped; alternate layout/state reconciliation required,Observed on 5 viewports; no functional credit,Not run,False
FX28-S01,Vault list,/vault,Current / per-action gate,FX-28,"[""vault.session.unlock"",""vault.session.lock"",""vault.item.read"",""vault.folder.read"",""vault.folder.create"",""vault.folder.rename"",""vault.folder.remove"",""vault.tag.manage""]",Proposed route not mapped; alternate layout/state reconciliation required,Observed on 5 viewports; no functional credit,Not run,False
FX28-S02,Vault item detail,/vault/items/:itemId,Current / per-action gate,FX-28,"[""vault.item.read"",""vault.item.reveal"",""vault.item.copy"",""vault.recovery_code.mark_used""]",Proposed route not mapped; alternate layout/state reconciliation required,Observed on 5 viewports; no functional credit,Not run,False
FX28-S03,Vault create / edit,/vault/items/new; /vault/items/:itemId/edit,Current / per-action gate,FX-28,"[""vault.item.create"",""vault.item.update""]",Proposed route not mapped; alternate layout/state reconciliation required,Observed on 5 viewports; no functional credit,Not run,False
FX28-S04,Vault history,/vault/items/:itemId/history,Current / per-action gate,FX-28,"[""vault.item.history"",""vault.item.restore_version""]",Proposed route not mapped; alternate layout/state reconciliation required,Observed on 5 viewports; no functional credit,Not run,False
FX28-S05,Password generator,/vault/generator,Current / per-action gate,FX-28,"[""vault.generator.generate"",""vault.generator.copy""]",Proposed route not mapped; alternate layout/state reconciliation required,Observed on 5 viewports; no functional credit,Not run,False
FX28-S06,Vault Trash / security policy,/vault/trash; /settings/vault,Current / per-action gate,FX-28,"[""vault.session.lock"",""vault.item.trash"",""vault.item.restore"",""vault.item.purge""]",Proposed route not mapped; alternate layout/state reconciliation required,Observed on 5 viewports; no functional credit,Not run,False
FX29-S01,Sources,/news/sources,Current / per-action gate,FX-29,"[""news.source.read"",""news.source.pause"",""news.source.resume"",""news.source.unfollow"",""news.source.refresh"",""news.category.read"",""news.category.create"",""news.category.update"",""news.category.remove""]",Proposed route not mapped; alternate layout/state reconciliation required,Observed on 5 viewports; no functional credit,Not run,False
FX29-S02,Follow source form,/news/sources/new,Current / per-action gate,FX-29,"[""news.source.follow"",""news.source.update""]",Proposed route not mapped; alternate layout/state reconciliation required,Observed on 5 viewports; no functional credit,Not run,False
FX29-S03,Article list,/news,Current / per-action gate,FX-29,"[""news.article.read"",""news.article.mark_read"",""news.article.mark_unread"",""news.article.mark_all_read"",""news.history.read"",""news.history.clear""]",Proposed route not mapped; alternate layout/state reconciliation required,Observed on 5 viewports; no functional credit,Not run,False
FX29-S04,Article reader,/news/articles/:articleId,Current / per-action gate,FX-29,"[""news.article.read"",""news.article.save""]",Proposed route not mapped; alternate layout/state reconciliation required,Observed on 5 viewports; no functional credit,Not run,False
FX29-S05,Topic watches / matches,/news/watches; /news/watches/:watchId,Current / per-action gate,FX-29,"[""news.watch.read"",""news.watch.create"",""news.watch.update"",""news.watch.enable"",""news.watch.disable"",""news.watch.delete"",""news.match.read""]",Proposed route not mapped; alternate layout/state reconciliation required,Observed on 5 viewports; no functional credit,Not run,False
FX30-S01,Tracked products,/shopping/prices,Paused,FX-30,"[""prices.tracker.read"",""prices.tracker.pause"",""prices.tracker.resume"",""prices.tracker.remove""]",Proposed route not mapped; alternate layout/state reconciliation required,Observed on 5 viewports; no functional credit,Not run,False
FX30-S02,Tracker create / edit,/shopping/prices/new; /shopping/prices/:trackerId/edit,Paused,FX-30,"[""prices.tracker.create"",""prices.tracker.update""]",Proposed route not mapped; alternate layout/state reconciliation required,Observed on 5 viewports; no functional credit,Not run,False
FX30-S03,Product price detail / chart,/shopping/prices/:trackerId,Paused,FX-30,"[""prices.tracker.refresh"",""prices.observation.read""]",Proposed route not mapped; alternate layout/state reconciliation required,Observed on 5 viewports; no functional credit,Not run,False
FX30-S04,Alert rules,/shopping/prices/:trackerId/alerts,Paused,FX-30,"[""prices.alert.read"",""prices.alert.create"",""prices.alert.update"",""prices.alert.enable"",""prices.alert.disable"",""prices.alert.remove""]",Proposed route not mapped; alternate layout/state reconciliation required,Observed on 5 viewports; no functional credit,Not run,False
FX30-S05,Provider / alert history,/shopping/prices/:trackerId/history,Paused,FX-30,"[""prices.delivery.read""]",Proposed route not mapped; alternate layout/state reconciliation required,Observed on 5 viewports; no functional credit,Not run,False
FX31-S01,Wishlist,/shopping/wishlist,Current / per-action gate,FX-31,"[""shopping.wishlist.read"",""shopping.wishlist.create"",""shopping.wishlist.update"",""shopping.wishlist.mark_purchased"",""shopping.wishlist.archive"",""shopping.wishlist.unarchive"",""shopping.wishlist.trash"",""shopping.wishlist.restore"",""shopping.wishlist.purge""]",Proposed route not mapped; alternate layout/state reconciliation required,Observed on 5 viewports; no functional credit,Not run,False
FX31-S02,Comparison,/shopping/comparisons/:comparisonId,Current / per-action gate,FX-31,"[""shopping.comparison.read"",""shopping.comparison.create"",""shopping.comparison.update"",""shopping.comparison.members"",""shopping.comparison.criteria"",""shopping.comparison.remove""]",Proposed route not mapped; alternate layout/state reconciliation required,Observed on 5 viewports; no functional credit,Not run,False
FX31-S03,Orders,/shopping/orders,Current / per-action gate,FX-31,"[""shopping.order.read"",""shopping.order.trash"",""shopping.order.restore"",""shopping.order.purge""]",Proposed route not mapped; alternate layout/state reconciliation required,Observed on 5 viewports; no functional credit,Not run,False
FX31-S04,Order form / detail,/shopping/orders/new; /shopping/orders/:orderId,Current / per-action gate,FX-31,"[""shopping.order.create"",""shopping.order.update"",""shopping.order.transition"",""shopping.order.return"",""shopping.order.history"",""shopping.order.link_finance"",""shopping.order.share""]",Proposed route not mapped; alternate layout/state reconciliation required,Observed on 5 viewports; no functional credit,Not run,False
FX31-S05,Sellers / merge,/shopping/sellers; /shopping/sellers/:sellerId/merge,Current / per-action gate,FX-31,"[""shopping.seller.read"",""shopping.seller.create"",""shopping.seller.update"",""shopping.seller.merge""]",Proposed route not mapped; alternate layout/state reconciliation required,Observed on 5 viewports; no functional credit,Not run,False
FX31-S06,Warranty detail / claims,/shopping/warranties/:warrantyId,Current / per-action gate,FX-31,"[""shopping.warranty.read"",""shopping.warranty.create"",""shopping.warranty.update"",""shopping.warranty.evidence""]",Proposed route not mapped; alternate layout/state reconciliation required,Observed on 5 viewports; no functional credit,Not run,False
FX31-S07,Create Asset handoff,/shopping/orders/:orderId/create-asset,Current / per-action gate,FX-31,"[""shopping.purchase.create_asset""]",Proposed route not mapped; alternate layout/state reconciliation required,Observed on 5 viewports; no functional credit,Not run,False
FX32-S01,Tool catalog,/developer/tools,Local slice / per-action gate,FX-32,"[""toolbox.catalog.read""]",Reconcile state/actions with executable cases,Observed on 5 viewports; no functional credit,Not run,False
FX32-S02,Tool workbench,/developer/tools/:toolCode,Local pure subset / per-action gate,FX-32,"[""toolbox.base64.run"",""toolbox.url_codec.run"",""toolbox.html_codec.run"",""toolbox.hash.run"",""toolbox.password.run"",""toolbox.uuid.run"",""toolbox.datetime.run"",""toolbox.json.run"",""toolbox.xml.run"",""toolbox.yaml.run"",""toolbox.csv.run"",""toolbox.data_convert.run"",""toolbox.regex.run"",""toolbox.text_diff.run"",""toolbox.color.run"",""toolbox.qr.run"",""toolbox.jwt.run"",""toolbox.cron.run"",""toolbox.markdown.run"",""toolbox.code_format.run"",""toolbox.url_parse.run"",""toolbox.headers.run"",""toolbox.certificate.run"",""toolbox.output.copy"",""toolbox.output.download"",""toolbox.output.save_snippet""]",Proposed route not mapped; alternate layout/state reconciliation required,Observed on 5 viewports; no functional credit,Not run,False
FX32-S03,Tool history / favorites,/developer/tools/saved,Current / per-action gate,FX-32,"[""toolbox.history.read"",""toolbox.history.save"",""toolbox.history.delete""]",Proposed route not mapped; alternate layout/state reconciliation required,Observed on 5 viewports; no functional credit,Not run,False
FX32-S04,Network request preview,/developer/tools/:toolCode/network-preview,Current / per-action gate,FX-32,"[""toolbox.network.http"",""toolbox.network.dns""]",Proposed route not mapped; alternate layout/state reconciliation required,Observed on 5 viewports; no functional credit,Not run,False
FX33-S01,Discovery feed,/developer/github,Current / per-action gate,FX-33,"[""github.repository.search""]",Proposed route not mapped; alternate layout/state reconciliation required,Observed on 5 viewports; no functional credit,Not run,False
FX33-S02,Repository detail,/developer/github/repositories/:repositoryId,Current / per-action gate,FX-33,"[""github.repository.read"",""github.repository.refresh""]",Proposed route not mapped; alternate layout/state reconciliation required,Observed on 5 viewports; no functional credit,Not run,False
FX33-S03,Saved queries / repositories,/developer/github/saved,Current / per-action gate,FX-33,"[""github.saved.read"",""github.saved.save"",""github.saved.notes"",""github.saved.remove"",""github.query.read"",""github.query.create"",""github.query.update"",""github.query.delete"",""github.query.run""]",Proposed route not mapped; alternate layout/state reconciliation required,Observed on 5 viewports; no functional credit,Not run,False
FX33-S04,Ranking snapshots,/developer/github/snapshots,Current / per-action gate,FX-33,"[""github.snapshot.read"",""github.snapshot.capture"",""github.snapshot.compare""]",Proposed route not mapped; alternate layout/state reconciliation required,Observed on 5 viewports; no functional credit,Not run,False
FX34-S01,Automations,/automation,Paused,FX-34,"[""automation.definition.read"",""automation.definition.create"",""automation.definition.enable"",""automation.definition.disable"",""automation.definition.trash"",""automation.definition.restore"",""automation.definition.purge""]",Proposed route not mapped; alternate layout/state reconciliation required,Observed on 5 viewports; no functional credit,Not run,False
FX34-S02,Definition editor,/automation/new; /automation/:definitionId/edit,Paused,FX-34,"[""automation.definition.create"",""automation.definition.save"",""automation.definition.validate"",""automation.schedule.update"",""automation.definition.import"",""automation.definition.export""]",Proposed route not mapped; alternate layout/state reconciliation required,Observed on 5 viewports; no functional credit,Not run,False
FX34-S03,Definition detail / versions,/automation/:definitionId,Paused,FX-34,"[""automation.definition.read"",""automation.definition.history""]",Proposed route not mapped; alternate layout/state reconciliation required,Observed on 5 viewports; no functional credit,Not run,False
FX34-S04,Run history,/automation/:definitionId/runs,Paused,FX-34,"[""automation.run.read""]",Proposed route not mapped; alternate layout/state reconciliation required,Observed on 5 viewports; no functional credit,Not run,False
FX34-S05,Run / step detail,/automation/runs/:runId,Paused,FX-34,"[""automation.run.start"",""automation.run.cancel"",""automation.run.retry_step"",""automation.run.dry_run""]",Proposed route not mapped; alternate layout/state reconciliation required,Observed on 5 viewports; no functional credit,Not run,False
FX35-S01,Connections,/integrations,Paused,FX-35,"[""integrations.connection.read"",""integrations.connection.disable"",""integrations.system_connection.read"",""integrations.system_connection.configure""]",Proposed route not mapped; alternate layout/state reconciliation required,Observed on 5 viewports; no functional credit,Not run,False
FX35-S02,Connection form,/integrations/new; /integrations/:connectionId/edit,Paused,FX-35,"[""integrations.connection.create"",""integrations.connection.update"",""integrations.connection.test"",""integrations.connection.scopes""]",Proposed route not mapped; alternate layout/state reconciliation required,Observed on 5 viewports; no functional credit,Not run,False
FX35-S03,Webhook detail / form,/integrations/webhooks/:webhookId,Paused,FX-35,"[""integrations.webhook.read"",""integrations.webhook.create"",""integrations.webhook.update"",""integrations.webhook.enable"",""integrations.webhook.disable"",""integrations.webhook.test"",""integrations.webhook.rotate""]",Proposed route not mapped; alternate layout/state reconciliation required,Observed on 5 viewports; no functional credit,Not run,False
FX35-S04,Delivery history,/integrations/webhooks/:webhookId/deliveries,Paused,FX-35,"[""integrations.delivery.read"",""integrations.delivery.retry""]",Proposed route not mapped; alternate layout/state reconciliation required,Observed on 5 viewports; no functional credit,Not run,False
FX35-S05,Credential reference picker,/integrations/credential-picker,Paused,FX-35,"[""integrations.connection.credential""]",Proposed route not mapped; alternate layout/state reconciliation required,Observed on 5 viewports; no functional credit,Not run,False
FX36-S01,My monitors,/monitoring,Current / per-action gate,FX-36,"[""monitoring.monitor.read"",""monitoring.monitor.pause"",""monitoring.monitor.resume"",""monitoring.monitor.remove""]",Proposed route not mapped; alternate layout/state reconciliation required,Observed on 5 viewports; no functional credit,Not run,False
FX36-S02,Monitor form,/monitoring/new; /monitoring/:monitorId/edit,Current / per-action gate,FX-36,"[""monitoring.monitor.create"",""monitoring.monitor.update""]",Proposed route not mapped; alternate layout/state reconciliation required,Observed on 5 viewports; no functional credit,Not run,False
FX36-S03,Monitor detail / incidents,/monitoring/:monitorId,Current / per-action gate,FX-36,"[""monitoring.monitor.check"",""monitoring.observation.read"",""monitoring.incident.read""]",Proposed route not mapped; alternate layout/state reconciliation required,Observed on 5 viewports; no functional credit,Not run,False
FX36-S04,Admin jobs,/admin/jobs,Current / per-action gate,FX-36,"[""monitoring.job.read""]",Proposed route not mapped; alternate layout/state reconciliation required,Observed on 5 viewports; no functional credit,Not run,False
FX36-S05,Job attempt detail,/admin/jobs/:jobId,Current / per-action gate,FX-36,"[""monitoring.job.read"",""monitoring.job.retry"",""monitoring.job.cancel""]",Proposed route not mapped; alternate layout/state reconciliation required,Observed on 5 viewports; no functional credit,Not run,False
FX37-S01,Asset inventory,/assets/personal,Current / per-action gate,FX-37,"[""assets.asset.read"",""assets.asset.create"",""assets.asset.archive"",""assets.asset.unarchive""]",Proposed route not mapped; alternate layout/state reconciliation required,Observed on 5 viewports; no functional credit,Not run,False
FX37-S02,Asset create / edit,/assets/personal/new; /assets/personal/:assetId/edit,Current / per-action gate,FX-37,"[""assets.asset.create"",""assets.asset.update"",""assets.purchase.update""]",Proposed route not mapped; alternate layout/state reconciliation required,Observed on 5 viewports; no functional credit,Not run,False
FX37-S03,Asset detail,/assets/personal/:assetId,Current / per-action gate,FX-37,"[""assets.asset.read"",""assets.asset.transition"",""assets.serial.reveal"",""assets.serial.copy"",""assets.loan.lend"",""assets.loan.return"",""assets.asset.share""]",Proposed route not mapped; alternate layout/state reconciliation required,Observed on 5 viewports; no functional credit,Not run,False
FX37-S04,Warranty / repair form,/assets/personal/:assetId/service,Current / per-action gate,FX-37,"[""assets.warranty.update"",""assets.warranty.set_reminder"",""assets.repair.read"",""assets.repair.create"",""assets.repair.update"",""assets.repair.remove""]",Proposed route not mapped; alternate layout/state reconciliation required,Observed on 5 viewports; no functional credit,Not run,False
FX37-S05,Components / accessories,/assets/personal/:assetId/components,Current / per-action gate,FX-37,"[""assets.component.read"",""assets.component.create"",""assets.component.update"",""assets.component.remove"",""assets.accessory.link"",""assets.accessory.unlink""]",Proposed route not mapped; alternate layout/state reconciliation required,Observed on 5 viewports; no functional credit,Not run,False
FX37-S06,Asset history / Trash,/assets/personal/:assetId/history; /trash?module=assets,Current / per-action gate,FX-37,"[""assets.asset.trash"",""assets.asset.restore"",""assets.asset.purge"",""assets.asset.history""]",Proposed route not mapped; alternate layout/state reconciliation required,Observed on 5 viewports; no functional credit,Not run,False
FX38-S01,Digital asset list,/assets/digital,Current / per-action gate,FX-38,"[""digital.asset.read"",""digital.asset.archive"",""digital.asset.unarchive"",""digital.asset.trash"",""digital.asset.restore"",""digital.asset.purge""]",Proposed route not mapped; alternate layout/state reconciliation required,Observed on 5 viewports; no functional credit,Not run,False
FX38-S02,Type-specific form,/assets/digital/new; /assets/digital/:assetId/edit,Current / per-action gate,FX-38,"[""digital.asset.create"",""digital.asset.update"",""digital.credential.reference"",""digital.certificate.parse""]",Proposed route not mapped; alternate layout/state reconciliation required,Observed on 5 viewports; no functional credit,Not run,False
FX38-S03,Digital detail,/assets/digital/:assetId,Current / per-action gate,FX-38,"[""digital.asset.read"",""digital.asset.cancel"",""digital.observation.inspect"",""digital.asset.set_reminder"",""digital.asset.share""]",Proposed route not mapped; alternate layout/state reconciliation required,Observed on 5 viewports; no functional credit,Not run,False
FX38-S04,Renewal form / timeline,/assets/digital/:assetId/renewals,Current / per-action gate,FX-38,"[""digital.asset.history"",""digital.renewal.record""]",Proposed route not mapped; alternate layout/state reconciliation required,Observed on 5 viewports; no functional credit,Not run,False
FX39-S01,Job pipeline,/career/jobs,Current / per-action gate,FX-39,"[""career.job.read"",""career.job.transition"",""career.job.trash"",""career.job.restore"",""career.job.purge""]",Proposed route not mapped; alternate layout/state reconciliation required,Observed on 5 viewports; no functional credit,Not run,False
FX39-S02,Job create / detail,/career/jobs/new; /career/jobs/:jobId,Current / per-action gate,FX-39,"[""career.job.create"",""career.job.update"",""career.application.attach_resume""]",Proposed route not mapped; alternate layout/state reconciliation required,Observed on 5 viewports; no functional credit,Not run,False
FX39-S03,Company directory / merge,/career/companies; /career/companies/:companyId/merge,Current / per-action gate,FX-39,"[""career.company.read"",""career.company.create"",""career.company.update"",""career.company.merge""]",Proposed route not mapped; alternate layout/state reconciliation required,Observed on 5 viewports; no functional credit,Not run,False
FX39-S04,Linked personal Calendar events,/career/jobs/:jobId/events,Replaced by internal Calendar link,FX-39,"[""career.interview.read"",""career.interview.create"",""career.interview.update"",""career.interview.complete"",""career.interview.cancel"",""career.interview.link_calendar"",""career.appointment.read"",""career.appointment.create_event"",""career.appointment.link_event"",""career.appointment.unlink_event""]",Proposed route not mapped; alternate layout/state reconciliation required,Observed on 5 viewports; no functional credit,Not run,False
FX39-S05,Resume library / upload,/career/resumes,Current / per-action gate,FX-39,"[""career.resume.read"",""career.resume.create"",""career.resume.update"",""career.resume.upload_version"",""career.resume.select_document"",""career.resume.archive"",""career.resume.unarchive"",""career.resume.trash"",""career.resume.restore"",""career.resume.purge""]",Proposed route not mapped; alternate layout/state reconciliation required,Observed on 5 viewports; no functional credit,Not run,False
FX39-S06,Resume version / share,/career/resumes/:resumeId/versions/:version,Current / per-action gate,FX-39,"[""career.resume.download"",""career.resume.share"",""career.resume.convert""]",Proposed route not mapped; alternate layout/state reconciliation required,Observed on 5 viewports; no functional credit,Not run,False
FX39-S07,Application timeline,/career/jobs/:jobId/history,Current / per-action gate,FX-39,"[""career.job.history"",""career.resume.history""]",Proposed route not mapped; alternate layout/state reconciliation required,Observed on 5 viewports; no functional credit,Not run,False
FX40-S01,Learning overview,/learning,Current / per-action gate,FX-40,"[""learning.report.read""]",Proposed route not mapped; alternate layout/state reconciliation required,Observed on 5 viewports; no functional credit,Not run,False
FX40-S02,Skills / evidence / merge,/learning/skills; /learning/skills/:skillId,Current / per-action gate,FX-40,"[""learning.skill.read"",""learning.skill.create"",""learning.skill.update"",""learning.skill.proficiency"",""learning.skill.evidence"",""learning.skill.merge"",""learning.skill.archive"",""learning.skill.unarchive"",""learning.skill.trash"",""learning.skill.restore"",""learning.skill.purge""]",Proposed route not mapped; alternate layout/state reconciliation required,Observed on 5 viewports; no functional credit,Not run,False
FX40-S03,Course form / progress,/learning/courses/new; /learning/courses/:courseId,Current / per-action gate,FX-40,"[""learning.course.read"",""learning.course.create"",""learning.course.update"",""learning.course.progress"",""learning.course.milestone"",""learning.course.complete"",""learning.course.abandon"",""learning.course.archive"",""learning.course.unarchive"",""learning.course.trash"",""learning.course.restore"",""learning.course.purge""]",Proposed route not mapped; alternate layout/state reconciliation required,Observed on 5 viewports; no functional credit,Not run,False
FX40-S04,Certifications / renewal,/learning/certifications; /learning/certifications/:certificationId,Current / per-action gate,FX-40,"[""learning.certification.read"",""learning.certification.create"",""learning.certification.update"",""learning.certification.renew"",""learning.certification.evidence"",""learning.certification.set_reminder"",""learning.certification.share"",""learning.certification.archive"",""learning.certification.unarchive"",""learning.certification.trash"",""learning.certification.restore"",""learning.certification.purge""]",Proposed route not mapped; alternate layout/state reconciliation required,Observed on 5 viewports; no functional credit,Not run,False
FX40-S05,Learning plans,/learning/plans; /learning/plans/:planId,Current / per-action gate,FX-40,"[""learning.plan.read"",""learning.plan.create"",""learning.plan.update"",""learning.plan.link"",""learning.plan.unlink"",""learning.plan.reorder"",""learning.plan.complete"",""learning.plan.archive"",""learning.plan.unarchive"",""learning.plan.trash"",""learning.plan.restore"",""learning.plan.purge""]",Proposed route not mapped; alternate layout/state reconciliation required,Observed on 5 viewports; no functional credit,Not run,False
FX40-S06,Work log form / list,/learning/work-log; /learning/work-log/new,Current / per-action gate,FX-40,"[""learning.worklog.read"",""learning.worklog.create"",""learning.worklog.update"",""learning.worklog.link_time"",""learning.worklog.archive"",""learning.worklog.unarchive"",""learning.worklog.trash"",""learning.worklog.restore"",""learning.worklog.purge""]",Proposed route not mapped; alternate layout/state reconciliation required,Observed on 5 viewports; no functional credit,Not run,False
FX28-S07,Owner recovery requests,/vault/recovery,Current / per-action gate,FX-28,"[""vault.recovery.request"",""vault.recovery.read""]",Proposed route not mapped; alternate layout/state reconciliation required,Observed on 5 viewports; no functional credit,Not run,False
FX28-S08,SuperAdmin recovery review,/admin/vault-recovery/:requestId,Current / per-action gate,FX-28,"[""vault.recovery.review"",""vault.recovery.authorize"",""vault.recovery.reject""]",Proposed route not mapped; alternate layout/state reconciliation required,Observed on 5 viewports; no functional credit,Not run,False
FX27-S13,Manual money records,/finance/records,Current / per-action gate,FX-27,"[""finance.manual_record.read"",""finance.manual_summary.read""]",Proposed route not mapped; alternate layout/state reconciliation required,Observed on 5 viewports; no functional credit,Not run,False
FX27-S14,Manual money record form,/finance/records/new; /finance/records/:id/edit,Current / per-action gate,FX-27,"[""finance.manual_record.create"",""finance.manual_record.update""]",Proposed route not mapped; alternate layout/state reconciliation required,Observed on 5 viewports; no functional credit,Not run,False
FX27-S15,Manual categories,/finance/categories,Current / per-action gate,FX-27,"[""finance.manual_category.read"",""finance.manual_category.create"",""finance.manual_category.update"",""finance.manual_category.remove""]",Proposed route not mapped; alternate layout/state reconciliation required,Observed on 5 viewports; no functional credit,Not run,False
