feature,goal,candidateEndpointModule,actionCount,screenCount,functionalResult,runtimeState,systemEnabled,partialActions,notRunActions,retiredActions,missingSqlActionKeys,fullScopePassed,entryGateResult
FX-01,NXG-FX01-G01,Identity,19,6,Incomplete,Ready,True,4,14,1,19,False,Observed module entry/gate on all five viewports; no full-feature pass
FX-02,NXG-FX02-G01,Access,9,5,Incomplete,Ready,True,4,5,0,2,False,Observed module entry/gate on all five viewports; no full-feature pass
FX-03,NXG-FX03-G01,Modules,10,5,Incomplete,Ready,True,2,8,0,6,False,Observed module entry/gate on all five viewports; no full-feature pass
FX-04,NXG-FX04-G01,Sharing,6,4,Incomplete,Blocked,False,0,6,0,0,False,Observed module entry/gate on all five viewports; no full-feature pass
FX-05,NXG-FX05-G01,Support,7,5,Incomplete,Blocked,False,0,7,0,0,False,Observed module entry/gate on all five viewports; no full-feature pass
FX-06,NXG-FX06-G01,Notifications,10,3,Incomplete,Ready,True,5,5,0,3,False,Observed module entry/gate on all five viewports; no full-feature pass
FX-07,NXG-FX07-G01,Files,14,5,Incomplete,Blocked,False,0,14,0,0,False,Observed module entry/gate on all five viewports; no full-feature pass
FX-08,NXG-FX08-G01,Trash,8,4,Incomplete,Ready,True,4,4,0,5,False,Observed module entry/gate on all five viewports; no full-feature pass
FX-09,NXG-FX09-G01,Settings,4,4,Incomplete,Ready,True,2,2,0,2,False,Observed module entry/gate on all five viewports; no full-feature pass
FX-10,NXG-FX10-G01,,13,5,Incomplete,Blocked,False,0,13,0,13,False,Observed module entry/gate on all five viewports; no full-feature pass
FX-11,NXG-FX11-G01,Productivity,13,5,Incomplete,Ready,True,8,5,0,3,False,Observed module entry/gate on all five viewports; no full-feature pass
FX-12,NXG-FX12-G01,Productivity,18,6,Incomplete,Ready,True,3,15,0,8,False,Observed module entry/gate on all five viewports; no full-feature pass
FX-13,NXG-FX13-G01,Productivity,13,7,Incomplete,Ready,True,6,7,0,8,False,Observed module entry/gate on all five viewports; no full-feature pass
FX-14,NXG-FX14-G01,Reminders,6,3,Incomplete,Ready,True,3,3,0,0,False,Observed module entry/gate on all five viewports; no full-feature pass
FX-15,NXG-FX15-G01,Planner,7,3,Incomplete,Ready,True,5,2,0,1,False,Observed module entry/gate on all five viewports; no full-feature pass
FX-16,NXG-FX16-G01,Goals,22,4,Incomplete,Ready,True,9,13,0,12,False,Observed module entry/gate on all five viewports; no full-feature pass
FX-17,NXG-FX17-G01,Habits,16,4,Incomplete,Ready,True,9,7,0,4,False,Observed module entry/gate on all five viewports; no full-feature pass
FX-18,NXG-FX18-G01,,13,4,Incomplete,Blocked,False,0,13,0,13,False,Observed module entry/gate on all five viewports; no full-feature pass
FX-19,NXG-FX19-G01,,9,4,Incomplete,Blocked,False,0,9,0,9,False,Observed module entry/gate on all five viewports; no full-feature pass
FX-20,NXG-FX20-G01,Documents,27,10,Incomplete,Ready,True,7,20,0,19,False,Observed module entry/gate on all five viewports; no full-feature pass
FX-21,NXG-FX21-G01,Bookmarks,12,3,Incomplete,Ready,True,5,6,1,7,False,Observed module entry/gate on all five viewports; no full-feature pass
FX-22,NXG-FX22-G01,Snippets,14,3,Incomplete,Ready,True,5,9,0,9,False,Observed module entry/gate on all five viewports; no full-feature pass
FX-23,NXG-FX23-G01,Reading,7,3,Incomplete,Ready,True,6,1,0,1,False,Observed module entry/gate on all five viewports; no full-feature pass
FX-24,NXG-FX24-G01,Organization,23,5,Incomplete,Ready,True,4,19,0,19,False,Observed module entry/gate on all five viewports; no full-feature pass
FX-25,NXG-FX25-G01,Discovery,15,4,Incomplete,Ready,True,5,10,0,10,False,Observed module entry/gate on all five viewports; no full-feature pass
FX-26,NXG-FX26-G01,Dashboard,8,2,Incomplete,Ready,True,1,7,0,7,False,Observed module entry/gate on all five viewports; no full-feature pass
FX-27,NXG-FX27-G01,Finance,53,15,Incomplete,Ready,True,6,47,0,45,False,Observed module entry/gate on all five viewports; no full-feature pass
FX-28,NXG-FX28-G01,,28,8,Incomplete,Blocked,False,0,25,3,28,False,Observed module entry/gate on all five viewports; no full-feature pass
FX-29,NXG-FX29-G01,,28,5,Incomplete,Blocked,False,0,28,0,28,False,Observed module entry/gate on all five viewports; no full-feature pass
FX-30,NXG-FX30-G01,,18,5,Incomplete,Paused,False,0,18,0,18,False,Observed module entry/gate on all five viewports; no full-feature pass
FX-31,NXG-FX31-G01,,36,7,Incomplete,Blocked,False,0,36,0,36,False,Observed module entry/gate on all five viewports; no full-feature pass
FX-32,NXG-FX32-G01,DeveloperTools,33,4,Incomplete,Ready,True,9,24,0,24,False,Observed module entry/gate on all five viewports; no full-feature pass
FX-33,NXG-FX33-G01,,17,4,Incomplete,Blocked,False,0,17,0,17,False,Observed module entry/gate on all five viewports; no full-feature pass
FX-34,NXG-FX34-G01,,20,5,Incomplete,Paused,False,0,20,0,20,False,Observed module entry/gate on all five viewports; no full-feature pass
FX-35,NXG-FX35-G01,,21,5,Incomplete,Paused,False,0,21,0,21,False,Observed module entry/gate on all five viewports; no full-feature pass
FX-36,NXG-FX36-G01,,14,5,Incomplete,Blocked,False,0,14,0,14,False,Observed module entry/gate on all five viewports; no full-feature pass
FX-37,NXG-FX37-G01,,29,6,Incomplete,Blocked,False,0,29,0,29,False,Observed module entry/gate on all five viewports; no full-feature pass
FX-38,NXG-FX38-G01,,17,4,Incomplete,Blocked,False,0,17,0,17,False,Observed module entry/gate on all five viewports; no full-feature pass
FX-39,NXG-FX39-G01,,38,7,Incomplete,Blocked,False,0,32,6,38,False,Observed module entry/gate on all five viewports; no full-feature pass
FX-40,NXG-FX40-G01,,58,6,Incomplete,Blocked,False,0,58,0,58,False,Observed module entry/gate on all five viewports; no full-feature pass
